{
  "time": "2026-04-13T17:16:19.304847",
  "code_position": 0,
  "tcp_pose_mm_deg": [
    262.522186,
    -22.359428,
    262.466492,
    -165.440704,
    65.702904,
    -72.208324
  ],
  "code_joints": 0,
  "joints_deg": [
    -24.80701,
    24.405997,
    63.713766,
    55.019533,
    87.020887,
    28.179955,
    0.0
  ]
}