{
  "time": "2026-04-17T17:43:48.108271",
  "code_position": 0,
  "ee_pose_mm_deg": [
    228.482651,
    -72.478439,
    227.632751,
    173.674967,
    -74.502218,
    -82.197671
  ],
  "code_joints": 0,
  "joints_deg": [
    -3.355012,
    21.108682,
    40.659434,
    -88.978283,
    74.23098,
    157.862535,
    0.0
  ]
}