{
  "time": "2026-04-13T17:08:07.676523",
  "code_position": 0,
  "tcp_pose_mm_deg": [
    273.682434,
    8.657399,
    286.987091,
    -179.358422,
    -0.788333,
    -13.642469
  ],
  "code_joints": 0,
  "joints_deg": [
    1.340664,
    10.194008,
    68.672143,
    0.340566,
    57.550058,
    14.864473,
    0.0
  ]
}